文章代號,詞語,詞頻,詞權
A001,Blockchain,23,31%
A001,would,15,20%
A001,fund,14,19%
A001,industry,12,16%
A001,technology,12,16%
A001,model,10,13%
A001,transaction,10,13%
A001,KYC,10,13%
A001,process,9,12%
A001,Luxembourg,9,12%
A001,business,8,10%
A001,digital,8,10%
A001,smart,8,10%
A001,will,8,10%
A001,transactions,7,9%
A001,new,7,9%
A001,also,7,9%
A001,contracts,7,9%
A001,time,6,8%
A001,need,6,8%
A001,settlement,6,8%
A001,investor,5,6%
A001,asset,5,6%
A001,financial,5,6%
A001,more,5,6%
A001,cost,5,6%
A001,potential,5,6%
A001,use,5,6%
A001,distribution,5,6%
A001,processing,5,6%
A001,only,5,6%
A001,intermediaries,4,5%
A001,its,4,5%
A001,payment,4,5%
A001,these,4,5%
A001,performed,4,5%
A001,important,4,5%
A001,role,4,5%
A001,enable,4,5%
A001,anymore,4,5%
A001,verify,4,5%
A001,conditions,4,5%
A001,distributors,4,5%
A001,transfer,4,5%
A001,order,4,5%
A001,benefits,4,5%
A001,could,4,5%
A001,Fund,3,4%
A001,term,3,4%
A001,regulatory,3,4%
A001,investors,3,4%
A001,their,3,4%
A001,many,3,4%
A001,trusted,3,4%
A001,funds,3,4%
A001,addition,3,4%
A001,These,3,4%
A001,run,3,4%
A001,met,3,4%
A001,servicing,3,4%
A001,such,3,4%
A001,long,3,4%
A001,almost,3,4%
A001,way,3,4%
A001,them,3,4%
A001,Finally,3,4%
A001,once,3,4%
A001,agents,3,4%
A001,reduce,3,4%
A001,top,3,4%
A001,identity,3,4%
A001,documentation,3,4%
A001,token,3,4%
A001,participants,3,4%
A001,market,3,4%
A001,Diana,2,2%
A001,stock,2,2%
A001,trading,2,2%
A001,was,2,2%
A001,very,2,2%
A001,involved,2,2%
A001,return,2,2%
A001,However,2,2%
A001,complex,2,2%
A001,where,2,2%
A001,each,2,2%
A001,increase,2,2%
A001,huge,2,2%
A001,customer,2,2%
A001,access,2,2%
A001,Indeed,2,2%
A001,currently,2,2%
A001,costs,2,2%
A001,play,2,2%
A001,provides,2,2%
A001,opportunity,2,2%
A001,well,2,2%
A001,achieve,2,2%
A001,processes,2,2%
A001,might,2,2%
A001,First,2,2%
A001,cryptocurrency,2,2%
A001,middle,2,2%
A001,using,2,2%
A001,specific,2,2%
A001,account,2,2%
A001,used,2,2%
A001,assets,2,2%
A001,currency,2,2%
A001,cash,2,2%
A001,programs,2,2%
A001,stored,2,2%
A001,able,2,2%
A001,pre,2,2%
A001,programmed,2,2%
A001,automatically,2,2%
A001,execute,2,2%
A001,application,2,2%
A001,AML,2,2%
A001,verifications,2,2%
A001,dividends,2,2%
A001,Therefore,2,2%
A001,lead,2,2%
A001,much,2,2%
A001,rely,2,2%
A001,into,2,2%
A001,contract,2,2%
A001,instantaneously,2,2%
A001,automated,2,2%
A001,ensure,2,2%
A001,reducing,2,2%
A001,real,2,2%
A001,Regarding,2,2%
A001,every,2,2%
A001,both,2,2%
A001,present,2,2%
A001,risks,2,2%
A001,transparency,2,2%
A001,create,2,2%
A001,between,2,2%
A001,managers,2,2%
A001,based,2,2%
A001,but,2,2%
A001,party,2,2%
A001,proof,2,2%
A001,his,2,2%
A001,services,2,2%
A001,challenges,2,2%
A001,still,2,2%
A001,tackled,2,2%
A001,build,2,2%
A001,framework,2,2%
A001,itself,2,2%
A001,expected,2,2%
A001,Funds,2,2%
A001,Securities,2,2%
A001,Services,2,2%
A001,Title,1,1%
A001,storm,1,1%
A001,Industry,1,1%
A001,Author,1,1%
A001,Name,1,1%
A001,Cutolo,1,1%
A001,Date,1,1%
A001,December,1,1%
A001,18,1,1%
A001,2017,1,1%
A001,Content,1,1%
A001,early,1,1%
A001,stage,1,1%
A001,exchanges,1,1%
A001,straightforward,1,1%
A001,without,1,1%
A001,any,1,1%
A001,selling,1,1%
A001,value,1,1%
A001,directly,1,1%
A001,received,1,1%
A001,over,1,1%
A001,continuously,1,1%
A001,evolved,1,1%
A001,toward,1,1%
A001,increasing,1,1%
A001,number,1,1%
A001,parties,1,1%
A001,now,1,1%
A001,complexity,1,1%
A001,had,1,1%
A001,impact,1,1%
A001,timeliness,1,1%
A001,requirements,1,1%
A001,other,1,1%
A001,hand,1,1%
A001,recently,1,1%
A001,started,1,1%
A001,grab,1,1%
A001,everyone,1,1%
A001,attention,1,1%
A001,completely,1,1%
A001,reshuffle,1,1%
A001,generation,1,1%
A001,looking,1,1%
A001,ease,1,1%
A001,enhanced,1,1%
A001,experience,1,1%
A001,ability,1,1%
A001,compare,1,1%
A001,investments,1,1%
A001,peer,1,1%
A001,groups,1,1%
A001,social,1,1%
A001,networks,1,1%
A001,easy,1,1%
A001,product,1,1%
A001,information,1,1%
A001,context,1,1%
A001,fulfil,1,1%
A001,needs,1,1%
A001,game,1,1%
A001,changer,1,1%
A001,activities,1,1%
A001,cross,1,1%
A001,border,1,1%
A001,leading,1,1%
A001,country,1,1%
A001,world,1,1%
A001,through,1,1%
A001,counterparties,1,1%
A001,leads,1,1%
A001,additional,1,1%
A001,source,1,1%
A001,here,1,1%
A001,improve,1,1%
A001,speed,1,1%
A001,efficiency,1,1%
A001,reduction,1,1%
A001,automating,1,1%
A001,removing,1,1%
A001,distribute,1,1%
A001,How,1,1%
A001,transform,1,1%
A001,allow,1,1%
A001,management,1,1%
A001,company,1,1%
A001,wallet,1,1%
A001,hold,1,1%
A001,There,1,1%
A001,no,1,1%
A001,allows,1,1%
A001,fact,1,1%
A001,computer,1,1%
A001,network,1,1%
A001,computers,1,1%
A001,behind,1,1%
A001,set,1,1%
A001,instructions,1,1%
A001,interesting,1,1%
A001,automation,1,1%
A001,disintermediated,1,1%
A001,simplified,1,1%
A001,Investors,1,1%
A001,initiation,1,1%
A001,instead,1,1%
A001,they,1,1%
A001,send,1,1%
A001,request,1,1%
A001,themselves,1,1%
A001,via,1,1%
A001,dedicated,1,1%
A001,implemented,1,1%
A001,side,1,1%
A001,distributor,1,1%
A001,agent,1,1%
A001,neither,1,1%
A001,checks,1,1%
A001,triggering,1,1%
A001,creation,1,1%
A001,shares,1,1%
A001,exchanging,1,1%
A001,against,1,1%
A001,amount,1,1%
A001,required,1,1%
A001,depending,1,1%
A001,NAV,1,1%
A001,splits,1,1%
A001,again,1,1%
A001,Transfer,1,1%
A001,custodians,1,1%
A001,But,1,1%
A001,what,1,1%
A001,study,1,1%
A001,conducted,1,1%
A001,Fundsquare,1,1%
A001,highlighted,1,1%
A001,operational,1,1%
A001,reconciliation,1,1%
A001,than,1,1%
A001,60,1,1%
A001,600,1,1%
A001,million,1,1%
A001,yearly,1,1%
A001,confirm,1,1%
A001,instantaneous,1,1%
A001,settle,1,1%
A001,days,1,1%
A001,few,1,1%
A001,minutes,1,1%
A001,less,1,1%
A001,drastically,1,1%
A001,getting,1,1%
A001,rid,1,1%
A001,associated,1,1%
A001,fees,1,1%
A001,distributed,1,1%
A001,register,1,1%
A001,prior,1,1%
A001,consequently,1,1%
A001,eliminate,1,1%
A001,liquidity,1,1%
A001,credit,1,1%
A001,pledge,1,1%
A001,collaterals,1,1%
A001,cover,1,1%
A001,counterparty,1,1%
A001,agency,1,1%
A001,increased,1,1%
A001,afforded,1,1%
A001,disintermediate,1,1%
A001,direct,1,1%
A001,linkage,1,1%
A001,platforms,1,1%
A001,Another,1,1%
A001,area,1,1%
A001,big,1,1%
A001,efficient,1,1%
A001,approximately,1,1%
A001,15,1,1%
A001,total,1,1%
A001,represent,1,1%
A001,burden,1,1%
A001,trigger,1,1%
A001,fines,1,1%
A001,regulators,1,1%
A001,when,1,1%
A001,rigorously,1,1%
A001,provide,1,1%
A001,requested,1,1%
A001,regulator,1,1%
A001,government,1,1%
A001,entity,1,1%
A001,utility,1,1%
A001,review,1,1%
A001,authenticity,1,1%
A001,documents,1,1%
A001,generate,1,1%
A001,cryptographic,1,1%
A001,Ex,1,1%
A001,12C34,1,1%
A001,validity,1,1%
A001,published,1,1%
A001,onboarding,1,1%
A001,already,1,1%
A001,been,1,1%
A001,validated,1,1%
A001,validate,1,1%
A001,security,1,1%
A001,enabling,1,1%
A001,always,1,1%
A001,up,1,1%
A001,date,1,1%
A001,allowing,1,1%
A001,report,1,1%
A001,fraudulent,1,1%
A001,near,1,1%
A001,back,1,1%
A001,offices,1,1%
A001,facilitate,1,1%
A001,flows,1,1%
A001,reporting,1,1%
A001,obvious,1,1%
A001,cases,1,1%
A001,record,1,1%
A001,keeping,1,1%
A001,subscriptions,1,1%
A001,redemptions,1,1%
A001,offer,1,1%
A001,further,1,1%
A001,providing,1,1%
A001,insight,1,1%
A001,regarding,1,1%
A001,end,1,1%
A001,base,1,1%
A001,bear,1,1%
A001,mind,1,1%
A001,successful,1,1%
A001,implementation,1,1%
A001,optimization,1,1%
A001,share,1,1%
A001,infrastructure,1,1%
A001,agree,1,1%
A001,common,1,1%
A001,standards,1,1%
A001,find,1,1%
A001,cope,1,1%
A001,current,1,1%
A001,scalability,1,1%
A001,limitations,1,1%
A001,governance,1,1%
A001,issues,1,1%
A001,related,1,1%
A001,validation,1,1%
A001,rights,1,1%
A001,solved,1,1%
A001,adapted,1,1%
A001,dematerialized,1,1%
A001,environment,1,1%
A001,centers,1,1%
A001,like,1,1%
A001,pride,1,1%
A001,innovation,1,1%
A001,type,1,1%
A001,should,1,1%
A001,place,1,1%
A001,ambient,1,1%
A001,accountability,1,1%
A001,provided,1,1%
A001,shared,1,1%
A001,ledger,1,1%
A001,customers,1,1%
A001,banks,1,1%
A001,introduce,1,1%
A001,radical,1,1%
A001,mass,1,1%
A001,adoption,1,1%
A001,complete,1,1%
A001,reshuffling,1,1%
A001,dependent,1,1%
A001,level,1,1%
A001,collaboration,1,1%
A001,among,1,1%
A001,Within,1,1%
A001,must,1,1%
A001,structure,1,1%
A001,move,1,1%
A001,forward,1,1%
A001,next,1,1%
A001,paradigm,1,1%
A001,conclude,1,1%
A001,numerous,1,1%
A001,significant,1,1%
A001,deliver,1,1%
A001,full,1,1%
A001,CUTOLO,1,1%
A001,Business,1,1%
A001,Line,1,1%
A001,Manager,1,1%
A001,Nelson,1,1%
A001,DOSSOGNE,1,1%
A001,consultant,1,1%
A001,part,1,1%
A001,Initio,1,1%
A001,niche,1,1%
A001,player,1,1%
A001,consulting,1,1%
A001,Financial,1,1%
A001,sector,1,1%
A001,Tags,1,1%
